{"cameraMode":{"drawMode":0,"name":"Shaded","section":"Shading Mode"},"sceneLighting":true,"audioPlay":false,"sceneViewState":{"showFog":true,"showMaterialUpdate":false,"showSkybox":true,"showFlares":true,"showImageEffects":true,"showParticleSystems":true},"in2DMode":false,"pivot":{"x":31.275909423828126,"y":-10.353805541992188,"z":-47.59876251220703},"rotation":{"x":-0.06570107489824295,"y":-0.9289961457252502,"z":0.2012738436460495,"w":-0.30398640036582949},"size":65.29066467285156,"orthographic":false}