{"cameraMode":{"drawMode":0,"name":"Shaded","section":"Shading Mode"},"sceneLighting":true,"audioPlay":false,"sceneViewState":{"showFog":true,"showMaterialUpdate":false,"showSkybox":true,"showFlares":true,"showImageEffects":true,"showParticleSystems":true},"in2DMode":false,"pivot":{"x":3.3045642375946047,"y":2.058401107788086,"z":1.9552035331726075},"rotation":{"x":0.006639999803155661,"y":0.9753014445304871,"z":-0.21892455220222474,"w":0.029562169685959817},"size":8.48582649230957,"orthographic":false}